{
    "id": "acd2e02f-8a19-47e3-bd80-ccc61f934d8e",
    "type": "run",
    "app_id": "com.nike.sport.running.ios",
    "start_epoch_ms": 1651332484526,
    "end_epoch_ms": 1651332548337,
    "last_modified": 1651505294654,
    "active_duration_ms": 61622,
    "session": false,
    "delete_indicator": false,
    "summaries": [
        {
            "metric": "pace",
            "summary": "mean",
            "source": "com.nike.running.ios.coremotion",
            "app_id": "com.nike.sport.running.ios",
            "value": 6.489264464207972
        },
        {
            "metric": "speed",
            "summary": "mean",
            "source": "com.nike.running.ios.coremotion",
            "app_id": "com.nike.sport.running.ios",
            "value": 9.246040183896731
        },
        {
            "metric": "distance",
            "summary": "total",
            "source": "com.nike.running.ios.coremotion",
            "app_id": "com.nike.sport.running.ios",
            "value": 0.15826652450335676
        },
        {
            "metric": "calories",
            "summary": "total",
            "source": "com.nike.running.ios.calculatedcalories",
            "app_id": "com.nike.sport.running.ios",
            "value": 11.328000000000001
        },
        {
            "metric": "nikefuel",
            "summary": "total",
            "source": "com.nike.nikefuelengine.1.0-A5.0",
            "app_id": "com.nike.sport.running.ios",
            "value": 39.93121062140926
        },
        {
            "metric": "nikefuel",
            "summary": "mean",
            "source": "com.nike.nikefuelengine.1.0-A5.0",
            "app_id": "com.nike.sport.running.ios",
            "value": 38.880150551500364
        },
        {
            "metric": "steps",
            "summary": "total",
            "source": "com.nike.running.ios.coremotion",
            "app_id": "com.nike.sport.running.ios",
            "value": 129
        }
    ],
    "sources": [
        "com.nike.running.ios.calculatedcalories",
        "com.nike.pacecalculator.v1",
        "com.nike.activityCapability",
        "com.nike.running.ios.coremotion",
        "com.nike.nikefuelengine.1.0-A5.0"
    ],
    "tags": {
        "com_nike_name": "\u661f\u671f\u516d \u591c\u8dd1",
        "com_nike_running_goaltype": "freeRun",
        "com_nike_running_originalactivityid": "FB6E9383-76FF-44F7-B04D-EEFFAC2EA762",
        "com_nike_running_recordingappversion": "7.13.0",
        "com_nike_running_recordingsource": "phone",
        "com_nike_running_syncappversion": "7.13.0",
        "com_nike_running_syncsource": "phone",
        "location": "indoors",
        "shoe_id": "731b540c-74fd-4a66-a8ec-5a46b96c6207"
    },
    "change_tokens": [
        "14cee1cd3943a8340d50caaa3afd1d3641a418e0d4cd139f8897f8d154975b78:1651505294654",
        "1e09b795f9547b9ae384eab16c9d03c1f71122288faa0cd2a08ec43a268525f0:1651332552215",
        "47917b87304bc95c591241f626f8bd900e5654f58b055630d8b1c9809cbc169e:1651332548823"
    ],
    "metric_types": [
        "distance",
        "pace",
        "calories",
        "steps",
        "speed",
        "nikefuel"
    ],
    "metrics": [
        {
            "type": "distance",
            "unit": "KM",
            "source": "com.nike.running.ios.coremotion",
            "appId": "com.nike.sport.running.ios",
            "values": [
                {
                    "start_epoch_ms": 1651332484526,
                    "end_epoch_ms": 1651332491205,
                    "value": 0.009874840473290533
                },
                {
                    "start_epoch_ms": 1651332491205,
                    "end_epoch_ms": 1651332493769,
                    "value": 0.008509568968438543
                },
                {
                    "start_epoch_ms": 1651332493770,
                    "end_epoch_ms": 1651332496332,
                    "value": 0.008910064651747235
                },
                {
                    "start_epoch_ms": 1651332496333,
                    "end_epoch_ms": 1651332498896,
                    "value": 0.010819364220020361
                },
                {
                    "start_epoch_ms": 1651332498896,
                    "end_epoch_ms": 1651332501459,
                    "value": 0.010819364220020361
                },
                {
                    "start_epoch_ms": 1651332501460,
                    "end_epoch_ms": 1651332504024,
                    "value": 0.010092117615859025
                },
                {
                    "start_epoch_ms": 1651332504025,
                    "end_epoch_ms": 1651332506587,
                    "value": 0.01024980695359409
                },
                {
                    "start_epoch_ms": 1651332506587,
                    "end_epoch_ms": 1651332509151,
                    "value": 0.006406129345996305
                },
                {
                    "start_epoch_ms": 1651332509152,
                    "end_epoch_ms": 1651332511715,
                    "value": 0.012122367839328945
                },
                {
                    "start_epoch_ms": 1651332511716,
                    "end_epoch_ms": 1651332514279,
                    "value": 0.009776738940388895
                },
                {
                    "start_epoch_ms": 1651332514280,
                    "end_epoch_ms": 1651332516843,
                    "value": 0.005124903476797045
                },
                {
                    "start_epoch_ms": 1651332516843,
                    "end_epoch_ms": 1651332519408,
                    "value": 0.004691257797996513
                },
                {
                    "start_epoch_ms": 1651332519409,
                    "end_epoch_ms": 1651332521971,
                    "value": 0.00707999999995809
                },
                {
                    "start_epoch_ms": 1651332521972,
                    "end_epoch_ms": 1651332524535,
                    "value": 0.0040400000000372525
                },
                {
                    "start_epoch_ms": 1651332524536,
                    "end_epoch_ms": 1651332527099,
                    "value": 0.00625
                },
                {
                    "start_epoch_ms": 1651332527100,
                    "end_epoch_ms": 1651332529662,
                    "value": 0.007380000000004656
                },
                {
                    "start_epoch_ms": 1651332529663,
                    "end_epoch_ms": 1651332532226,
                    "value": 0.006199999999953434
                },
                {
                    "start_epoch_ms": 1651332532227,
                    "end_epoch_ms": 1651332534790,
                    "value": 0.004400000000023283
                },
                {
                    "start_epoch_ms": 1651332534791,
                    "end_epoch_ms": 1651332537355,
                    "value": 0.0037199999999720603
                },
                {
                    "start_epoch_ms": 1651332537356,
                    "end_epoch_ms": 1651332539918,
                    "value": 0.00707999999995809
                },
                {
                    "start_epoch_ms": 1651332539919,
                    "end_epoch_ms": 1651332542482,
                    "value": 0.00471999999997206
                }
            ]
        },
        {
            "type": "steps",
            "unit": "STEP",
            "source": "com.nike.running.ios.coremotion",
            "appId": "com.nike.sport.running.ios",
            "values": [
                {
                    "start_epoch_ms": 1651332484526,
                    "end_epoch_ms": 1651332491205,
                    "value": 8
                },
                {
                    "start_epoch_ms": 1651332491205,
                    "end_epoch_ms": 1651332493769,
                    "value": 7
                },
                {
                    "start_epoch_ms": 1651332493770,
                    "end_epoch_ms": 1651332496332,
                    "value": 7
                },
                {
                    "start_epoch_ms": 1651332496333,
                    "end_epoch_ms": 1651332498896,
                    "value": 8
                },
                {
                    "start_epoch_ms": 1651332498896,
                    "end_epoch_ms": 1651332501459,
                    "value": 8
                },
                {
                    "start_epoch_ms": 1651332501460,
                    "end_epoch_ms": 1651332504024,
                    "value": 8
                },
                {
                    "start_epoch_ms": 1651332504025,
                    "end_epoch_ms": 1651332506587,
                    "value": 8
                },
                {
                    "start_epoch_ms": 1651332506587,
                    "end_epoch_ms": 1651332509151,
                    "value": 5
                },
                {
                    "start_epoch_ms": 1651332509152,
                    "end_epoch_ms": 1651332511715,
                    "value": 10
                },
                {
                    "start_epoch_ms": 1651332511716,
                    "end_epoch_ms": 1651332514279,
                    "value": 8
                },
                {
                    "start_epoch_ms": 1651332514280,
                    "end_epoch_ms": 1651332516843,
                    "value": 4
                },
                {
                    "start_epoch_ms": 1651332516843,
                    "end_epoch_ms": 1651332519408,
                    "value": 4
                },
                {
                    "start_epoch_ms": 1651332519409,
                    "end_epoch_ms": 1651332521971,
                    "value": 6
                },
                {
                    "start_epoch_ms": 1651332521972,
                    "end_epoch_ms": 1651332524535,
                    "value": 4
                },
                {
                    "start_epoch_ms": 1651332524536,
                    "end_epoch_ms": 1651332527099,
                    "value": 5
                },
                {
                    "start_epoch_ms": 1651332527100,
                    "end_epoch_ms": 1651332529662,
                    "value": 6
                },
                {
                    "start_epoch_ms": 1651332529663,
                    "end_epoch_ms": 1651332532226,
                    "value": 5
                },
                {
                    "start_epoch_ms": 1651332532227,
                    "end_epoch_ms": 1651332534790,
                    "value": 4
                },
                {
                    "start_epoch_ms": 1651332534791,
                    "end_epoch_ms": 1651332537355,
                    "value": 4
                },
                {
                    "start_epoch_ms": 1651332537356,
                    "end_epoch_ms": 1651332539918,
                    "value": 6
                },
                {
                    "start_epoch_ms": 1651332539919,
                    "end_epoch_ms": 1651332542482,
                    "value": 4
                }
            ]
        },
        {
            "type": "speed",
            "unit": "KMH",
            "source": "com.nike.running.ios.coremotion",
            "appId": "com.nike.sport.running.ios",
            "values": [
                {
                    "start_epoch_ms": 1651332491205,
                    "end_epoch_ms": 1651332491205,
                    "value": 0
                },
                {
                    "start_epoch_ms": 1651332493769,
                    "end_epoch_ms": 1651332493769,
                    "value": 10.822854970633275
                },
                {
                    "start_epoch_ms": 1651332496332,
                    "end_epoch_ms": 1651332496332,
                    "value": 12.016382625569552
                },
                {
                    "start_epoch_ms": 1651332498896,
                    "end_epoch_ms": 1651332498896,
                    "value": 12.016382625569552
                },
                {
                    "start_epoch_ms": 1651332501459,
                    "end_epoch_ms": 1651332501459,
                    "value": 12.016382625569552
                },
                {
                    "start_epoch_ms": 1651332504024,
                    "end_epoch_ms": 1651332504024,
                    "value": 14.055055426555462
                },
                {
                    "start_epoch_ms": 1651332506587,
                    "end_epoch_ms": 1651332506587,
                    "value": 13.420788180428513
                },
                {
                    "start_epoch_ms": 1651332509151,
                    "end_epoch_ms": 1651332509151,
                    "value": 13.420788180428513
                },
                {
                    "start_epoch_ms": 1651332511715,
                    "end_epoch_ms": 1651332511715,
                    "value": 13.628423747440866
                },
                {
                    "start_epoch_ms": 1651332514279,
                    "end_epoch_ms": 1651332514279,
                    "value": 13.873458554552656
                },
                {
                    "start_epoch_ms": 1651332516843,
                    "end_epoch_ms": 1651332516843,
                    "value": 13.873458554552656
                },
                {
                    "start_epoch_ms": 1651332519408,
                    "end_epoch_ms": 1651332519408,
                    "value": 13.873458554552656
                },
                {
                    "start_epoch_ms": 1651332521971,
                    "end_epoch_ms": 1651332521971,
                    "value": 7.572863365422952
                },
                {
                    "start_epoch_ms": 1651332524535,
                    "end_epoch_ms": 1651332524535,
                    "value": 7.572863365422952
                },
                {
                    "start_epoch_ms": 1651332527099,
                    "end_epoch_ms": 1651332527099,
                    "value": 7.572863365422952
                },
                {
                    "start_epoch_ms": 1651332529662,
                    "end_epoch_ms": 1651332529662,
                    "value": 7.572863365422952
                },
                {
                    "start_epoch_ms": 1651332532226,
                    "end_epoch_ms": 1651332532226,
                    "value": 7.69935971433909
                },
                {
                    "start_epoch_ms": 1651332534790,
                    "end_epoch_ms": 1651332534790,
                    "value": 7.69935971433909
                },
                {
                    "start_epoch_ms": 1651332537355,
                    "end_epoch_ms": 1651332537355,
                    "value": 7.69935971433909
                },
                {
                    "start_epoch_ms": 1651332539918,
                    "end_epoch_ms": 1651332539918,
                    "value": 7.929242739839399
                },
                {
                    "start_epoch_ms": 1651332542482,
                    "end_epoch_ms": 1651332542482,
                    "value": 7.929242739839399
                }
            ]
        },
        {
            "type": "calories",
            "unit": "KCAL",
            "source": "com.nike.running.ios.calculatedcalories",
            "appId": "com.nike.sport.running.ios",
            "values": [
                {
                    "start_epoch_ms": 1651332484526,
                    "end_epoch_ms": 1651332491205,
                    "value": 0.493
                },
                {
                    "start_epoch_ms": 1651332491205,
                    "end_epoch_ms": 1651332493769,
                    "value": 0.648
                },
                {
                    "start_epoch_ms": 1651332493770,
                    "end_epoch_ms": 1651332496332,
                    "value": 0.682
                },
                {
                    "start_epoch_ms": 1651332496333,
                    "end_epoch_ms": 1651332498896,
                    "value": 0.841
                },
                {
                    "start_epoch_ms": 1651332498896,
                    "end_epoch_ms": 1651332501459,
                    "value": 0.841
                },
                {
                    "start_epoch_ms": 1651332501460,
                    "end_epoch_ms": 1651332504024,
                    "value": 0.781
                },
                {
                    "start_epoch_ms": 1651332504025,
                    "end_epoch_ms": 1651332506587,
                    "value": 0.794
                },
                {
                    "start_epoch_ms": 1651332506587,
                    "end_epoch_ms": 1651332509151,
                    "value": 0.472
                },
                {
                    "start_epoch_ms": 1651332509152,
                    "end_epoch_ms": 1651332511715,
                    "value": 0.951
                },
                {
                    "start_epoch_ms": 1651332511716,
                    "end_epoch_ms": 1651332514279,
                    "value": 0.754
                },
                {
                    "start_epoch_ms": 1651332514280,
                    "end_epoch_ms": 1651332516843,
                    "value": 0.339
                },
                {
                    "start_epoch_ms": 1651332516843,
                    "end_epoch_ms": 1651332519408,
                    "value": 0.284
                },
                {
                    "start_epoch_ms": 1651332519409,
                    "end_epoch_ms": 1651332521971,
                    "value": 0.529
                },
                {
                    "start_epoch_ms": 1651332521972,
                    "end_epoch_ms": 1651332524535,
                    "value": 0.201
                },
                {
                    "start_epoch_ms": 1651332524536,
                    "end_epoch_ms": 1651332527099,
                    "value": 0.459
                },
                {
                    "start_epoch_ms": 1651332527100,
                    "end_epoch_ms": 1651332529662,
                    "value": 0.554
                },
                {
                    "start_epoch_ms": 1651332529663,
                    "end_epoch_ms": 1651332532226,
                    "value": 0.455
                },
                {
                    "start_epoch_ms": 1651332532227,
                    "end_epoch_ms": 1651332534790,
                    "value": 0.247
                },
                {
                    "start_epoch_ms": 1651332534791,
                    "end_epoch_ms": 1651332537355,
                    "value": 0.186
                },
                {
                    "start_epoch_ms": 1651332537356,
                    "end_epoch_ms": 1651332539918,
                    "value": 0.529
                },
                {
                    "start_epoch_ms": 1651332539919,
                    "end_epoch_ms": 1651332542482,
                    "value": 0.288
                }
            ]
        },
        {
            "type": "pace",
            "unit": "MKM",
            "source": "com.nike.pacecalculator.v1",
            "appId": "com.nike.sport.running.ios",
            "values": [
                {
                    "start_epoch_ms": 1651332493769,
                    "end_epoch_ms": 1651332493769,
                    "value": 5.543823710361448
                },
                {
                    "start_epoch_ms": 1651332496332,
                    "end_epoch_ms": 1651332496332,
                    "value": 4.993183212419231
                },
                {
                    "start_epoch_ms": 1651332498896,
                    "end_epoch_ms": 1651332498896,
                    "value": 4.993183212419231
                },
                {
                    "start_epoch_ms": 1651332501459,
                    "end_epoch_ms": 1651332501459,
                    "value": 4.993183212419231
                },
                {
                    "start_epoch_ms": 1651332504024,
                    "end_epoch_ms": 1651332504024,
                    "value": 4.26892660178605
                },
                {
                    "start_epoch_ms": 1651332506587,
                    "end_epoch_ms": 1651332506587,
                    "value": 4.470676326409635
                },
                {
                    "start_epoch_ms": 1651332509151,
                    "end_epoch_ms": 1651332509151,
                    "value": 4.470676326409635
                },
                {
                    "start_epoch_ms": 1651332511715,
                    "end_epoch_ms": 1651332511715,
                    "value": 4.402563430071416
                },
                {
                    "start_epoch_ms": 1651332514279,
                    "end_epoch_ms": 1651332514279,
                    "value": 4.3248047892362536
                },
                {
                    "start_epoch_ms": 1651332516843,
                    "end_epoch_ms": 1651332516843,
                    "value": 4.3248047892362536
                },
                {
                    "start_epoch_ms": 1651332519408,
                    "end_epoch_ms": 1651332519408,
                    "value": 4.3248047892362536
                },
                {
                    "start_epoch_ms": 1651332521971,
                    "end_epoch_ms": 1651332521971,
                    "value": 7.923026879628502
                },
                {
                    "start_epoch_ms": 1651332524535,
                    "end_epoch_ms": 1651332524535,
                    "value": 7.923026879628502
                },
                {
                    "start_epoch_ms": 1651332527099,
                    "end_epoch_ms": 1651332527099,
                    "value": 7.923026879628502
                },
                {
                    "start_epoch_ms": 1651332529662,
                    "end_epoch_ms": 1651332529662,
                    "value": 7.923026879628502
                },
                {
                    "start_epoch_ms": 1651332532226,
                    "end_epoch_ms": 1651332532226,
                    "value": 7.7928557991981515
                },
                {
                    "start_epoch_ms": 1651332534790,
                    "end_epoch_ms": 1651332534790,
                    "value": 7.7928557991981515
                },
                {
                    "start_epoch_ms": 1651332537355,
                    "end_epoch_ms": 1651332537355,
                    "value": 7.7928557991981515
                },
                {
                    "start_epoch_ms": 1651332539918,
                    "end_epoch_ms": 1651332539918,
                    "value": 7.5669268767038975
                },
                {
                    "start_epoch_ms": 1651332542482,
                    "end_epoch_ms": 1651332542482,
                    "value": 7.5669268767038975
                }
            ]
        },
        {
            "type": "nikefuel",
            "unit": "FUEL",
            "source": "com.nike.nikefuelengine.1.0-A5.0",
            "appId": "com.nike.sport.running.ios",
            "values": [
                {
                    "start_epoch_ms": 1651332484526,
                    "end_epoch_ms": 1651332494000,
                    "value": 2.0323963029955427
                },
                {
                    "start_epoch_ms": 1651332494000,
                    "end_epoch_ms": 1651332504000,
                    "value": 8.592971924447422
                },
                {
                    "start_epoch_ms": 1651332504000,
                    "end_epoch_ms": 1651332514000,
                    "value": 9.684362508076266
                },
                {
                    "start_epoch_ms": 1651332514000,
                    "end_epoch_ms": 1651332524000,
                    "value": 8.783507677621797
                },
                {
                    "start_epoch_ms": 1651332524000,
                    "end_epoch_ms": 1651332534000,
                    "value": 5.266463146439028
                },
                {
                    "start_epoch_ms": 1651332534000,
                    "end_epoch_ms": 1651332544000,
                    "value": 5.571509061829195
                }
            ]
        }
    ],
    "moments": [
        {
            "key": "halt",
            "value": "pause",
            "timestamp": 1651332546149,
            "app_id": "com.nike.sport.running.ios",
            "source": "com.nike.activityCapability"
        }
    ]
}